{"stats":{"minecraft:crafted":{"minecraft:iron_boots":1,"minecraft:iron_axe":1,"minecraft:crafting_table":3,"minecraft:stick":8,"minecraft:iron_helmet":1,"minecraft:iron_ingot":11,"minecraft:stone_pickaxe":1,"minecraft:birch_planks":16,"minecraft:stone_axe":1},"minecraft:picked_up":{"minecraft:birch_log":4,"minecraft:crafting_table":2,"minecraft:raw_iron":8,"minecraft:cooked_porkchop":2,"minecraft:leather":3,"minecraft:torch":1,"minecraft:porkchop":5,"minecraft:dirt":2,"minecraft:dark_oak_planks":2,"minecraft:arrow":1,"minecraft:wheat_seeds":1,"minecraft:iron_ingot":2,"minecraft:beef":4,"minecraft:oak_planks":10,"minecraft:coal":13,"minecraft:cobblestone":67},"minecraft:killed":{"minecraft:skeleton":1,"minecraft:vindicator":1,"minecraft:cow":2},"minecraft:custom":{"minecraft:time_since_rest":16024,"minecraft:interact_with_furnace":8,"minecraft:sprint_one_cm":73397,"minecraft:damage_taken":541,"minecraft:walk_one_cm":58721,"minecraft:mob_kills":4,"minecraft:damage_dealt":691,"minecraft:interact_with_crafting_table":3,"minecraft:fly_one_cm":20553,"minecraft:crouch_one_cm":3082,"minecraft:play_time":22976,"minecraft:deaths":1,"minecraft:sneak_time":900,"minecraft:walk_under_water_one_cm":268,"minecraft:jump":376,"minecraft:time_since_death":15990,"minecraft:walk_on_water_one_cm":369,"minecraft:total_world_time":22976,"minecraft:fall_one_cm":8342},"minecraft:used":{"minecraft:iron_axe":13,"minecraft:stone_pickaxe":14,"minecraft:stone_axe":26,"minecraft:torch":1,"minecraft:dirt":2,"minecraft:cobblestone":36,"minecraft:beef":4,"minecraft:crafting_table":3,"minecraft:cooked_porkchop":1},"minecraft:mined":{"minecraft:dark_oak_planks":7,"minecraft:iron_ore":2,"minecraft:bee_nest":1,"minecraft:crafting_table":2,"minecraft:grass":2,"minecraft:grass_block":1,"minecraft:deepslate_iron_ore":6,"minecraft:dirt":1,"minecraft:tall_grass":1,"minecraft:stone":4,"minecraft:wall_torch":1}},"DataVersion":3465}