{"stats":{"minecraft:dropped":{"minecraft:tnt":1},"minecraft:crafted":{"minecraft:crafting_table":3,"minecraft:iron_helmet":1,"minecraft:birch_planks":16,"minecraft:stone_axe":1,"minecraft:iron_boots":1,"minecraft:iron_axe":1,"minecraft:stick":8,"minecraft:iron_ingot":11,"minecraft:stone_pickaxe":1},"minecraft:picked_up":{"minecraft:birch_log":4,"minecraft:crafting_table":2,"minecraft:iron_door":1,"minecraft:leather":3,"minecraft:gunpowder":1,"minecraft:dirt":3,"minecraft:string":13,"minecraft:iron_axe":1,"minecraft:white_carpet":3,"minecraft:red_carpet":23,"minecraft:bone":2,"minecraft:wheat_seeds":1,"minecraft:iron_ingot":2,"minecraft:beef":4,"minecraft:light_gray_wool":3,"minecraft:powered_rail":1,"minecraft:birch_sapling":1,"minecraft:oak_planks":10,"minecraft:raw_iron":8,"minecraft:cooked_porkchop":2,"minecraft:oak_fence":1,"minecraft:torch":1,"minecraft:porkchop":5,"minecraft:dark_oak_log":2,"minecraft:spider_eye":1,"minecraft:dark_oak_planks":29,"minecraft:tnt":1,"minecraft:arrow":1,"minecraft:rotten_flesh":5,"minecraft:emerald":2,"minecraft:melon_seeds":2,"minecraft:coal":13,"minecraft:rail":9,"minecraft:cobblestone":67},"minecraft:killed_by":{"minecraft:vindicator":2,"minecraft:vex":1},"minecraft:killed":{"minecraft:vindicator":1,"minecraft:spider":2,"minecraft:skeleton":2,"minecraft:zombie":3,"minecraft:cow":2},"minecraft:custom":{"minecraft:interact_with_furnace":8,"minecraft:mob_kills":11,"minecraft:interact_with_crafting_table":3,"minecraft:leave_game":2,"minecraft:time_since_death":6568,"minecraft:climb_one_cm":784,"minecraft:time_since_rest":6619,"minecraft:sprint_one_cm":167178,"minecraft:damage_taken":2293177,"minecraft:walk_one_cm":119779,"minecraft:drop":1,"minecraft:damage_dealt":1998,"minecraft:swim_one_cm":3974,"minecraft:fly_one_cm":82385,"minecraft:open_chest":3,"minecraft:crouch_one_cm":4533,"minecraft:play_time":53225,"minecraft:deaths":8,"minecraft:sneak_time":1799,"minecraft:walk_under_water_one_cm":1630,"minecraft:jump":628,"minecraft:walk_on_water_one_cm":3283,"minecraft:total_world_time":53225,"minecraft:fall_one_cm":14761},"minecraft:used":{"minecraft:flint_and_steel":1,"minecraft:stone_pickaxe":20,"minecraft:rotten_flesh":1,"minecraft:torch":1,"minecraft:dirt":2,"minecraft:spyglass":35,"minecraft:tnt":4,"minecraft:crafting_table":3,"minecraft:dark_oak_planks":1,"minecraft:iron_axe":119,"minecraft:stone_axe":26,"minecraft:cobblestone":44,"minecraft:beef":4,"minecraft:cooked_porkchop":2,"minecraft:porkchop":5},"minecraft:mined":{"minecraft:dark_oak_planks":41,"minecraft:dark_oak_log":2,"minecraft:crafting_table":2,"minecraft:grass_block":2,"minecraft:cobblestone":2,"minecraft:tall_grass":1,"minecraft:iron_door":1,"minecraft:wall_torch":1,"minecraft:iron_ore":2,"minecraft:fire":3,"minecraft:birch_leaves":5,"minecraft:light_gray_wool":3,"minecraft:bee_nest":2,"minecraft:grass":5,"minecraft:deepslate_iron_ore":6,"minecraft:dirt":1,"minecraft:stone":4}},"DataVersion":3465}