{"stats":{"minecraft:crafted":{"minecraft:birch_planks":16,"minecraft:crafting_table":3,"minecraft:stone_axe":1,"minecraft:stick":4,"minecraft:stone_pickaxe":1},"minecraft:picked_up":{"minecraft:birch_log":4,"minecraft:crafting_table":1,"minecraft:leather":3,"minecraft:torch":1,"minecraft:beef":4,"minecraft:dirt":2,"minecraft:coal":4,"minecraft:cobblestone":64},"minecraft:killed":{"minecraft:cow":2},"minecraft:custom":{"minecraft:time_since_rest":4024,"minecraft:deaths":1,"minecraft:crouch_one_cm":428,"minecraft:play_time":10976,"minecraft:sprint_one_cm":58143,"minecraft:damage_taken":290,"minecraft:walk_one_cm":22405,"minecraft:sneak_time":162,"minecraft:walk_under_water_one_cm":268,"minecraft:mob_kills":2,"minecraft:jump":243,"minecraft:damage_dealt":200,"minecraft:walk_on_water_one_cm":369,"minecraft:time_since_death":3990,"minecraft:total_world_time":10976,"minecraft:fall_one_cm":5161,"minecraft:interact_with_crafting_table":1,"minecraft:fly_one_cm":15395},"minecraft:used":{"minecraft:stone_axe":8,"minecraft:torch":1,"minecraft:dirt":1,"minecraft:cobblestone":24,"minecraft:crafting_table":1},"minecraft:mined":{"minecraft:grass":1,"minecraft:grass_block":1,"minecraft:dirt":1,"minecraft:bee_nest":1,"minecraft:crafting_table":1,"minecraft:wall_torch":1}},"DataVersion":3465}