{"stats":{"minecraft:broken":{"minecraft:iron_pickaxe":1},"minecraft:dropped":{"minecraft:iron_ingot":8,"minecraft:porkchop":5,"minecraft:lapis_lazuli":7,"minecraft:diamond":1,"minecraft:cooked_porkchop":2,"minecraft:iron_helmet":1,"minecraft:cobblestone":11,"minecraft:granite":6,"minecraft:red_wool":1,"minecraft:red_carpet":18,"minecraft:stick":2,"minecraft:dirt":12,"minecraft:torch":17,"minecraft:wooden_axe":2,"minecraft:iron_axe":1,"minecraft:white_wool":1,"minecraft:bone":4,"minecraft:stone_axe":1,"minecraft:cooked_chicken":1,"minecraft:cobbled_deepslate":2,"minecraft:raw_copper":3,"minecraft:white_carpet":6,"minecraft:rotten_flesh":2,"minecraft:oak_planks":10,"minecraft:totem_of_undying":2,"minecraft:iron_chestplate":1,"minecraft:chest":1,"minecraft:diamond_boots":1,"minecraft:arrow":6,"minecraft:stone_pickaxe":4,"minecraft:wooden_pickaxe":1},"minecraft:crafted":{"minecraft:oak_planks":24,"minecraft:furnace":3,"minecraft:cooked_mutton":7,"minecraft:iron_axe":1,"minecraft:stone_pickaxe":1,"minecraft:diamond_boots":1,"minecraft:dark_oak_planks":12,"minecraft:wooden_shovel":1,"minecraft:diamond_sword":1,"minecraft:cooked_porkchop":13,"minecraft:diamond_axe":1,"minecraft:crafting_table":1,"minecraft:wooden_pickaxe":1,"minecraft:iron_helmet":1,"minecraft:iron_sword":1,"minecraft:bucket":2,"minecraft:birch_planks":64,"minecraft:stone_axe":1,"minecraft:air":0,"minecraft:iron_chestplate":1,"minecraft:diamond_pickaxe":1,"minecraft:shield":2,"minecraft:stick":20,"minecraft:iron_ingot":36,"minecraft:iron_pickaxe":1,"minecraft:wooden_axe":1,"minecraft:torch":16},"minecraft:picked_up":{"minecraft:wooden_axe":1,"minecraft:crafting_table":18,"minecraft:shield":1,"minecraft:string":4,"minecraft:raw_copper":3,"minecraft:iron_axe":1,"minecraft:white_carpet":13,"minecraft:cobbled_deepslate":40,"minecraft:netherite_sword":1,"minecraft:iron_pickaxe":2,"minecraft:furnace":6,"minecraft:egg":1,"minecraft:lime_wool":2,"minecraft:raw_iron":46,"minecraft:stick":11,"minecraft:torch":22,"minecraft:porkchop":27,"minecraft:dark_oak_planks":14,"minecraft:arrow":14,"minecraft:rotten_flesh":7,"minecraft:light_blue_wool":1,"minecraft:totem_of_undying":5,"minecraft:mutton":14,"minecraft:white_wool":7,"minecraft:cobblestone":208,"minecraft:birch_log":16,"minecraft:water_bucket":1,"minecraft:andesite":2,"minecraft:birch_planks":89,"minecraft:tuff":8,"minecraft:oak_log":6,"minecraft:lapis_lazuli":7,"minecraft:dirt":39,"minecraft:red_carpet":34,"minecraft:bone":10,"minecraft:stone_pickaxe":3,"minecraft:cooked_chicken":1,"minecraft:iron_sword":1,"minecraft:red_wool":1,"minecraft:dark_oak_log":3,"minecraft:diamond":22,"minecraft:granite":7,"minecraft:emerald":4,"minecraft:light_gray_carpet":1,"minecraft:black_wool":4,"minecraft:coal":19},"minecraft:killed_by":{"minecraft:player":4,"minecraft:vindicator":5,"minecraft:skeleton":1,"minecraft:vex":2},"minecraft:killed":{"minecraft:evoker":4,"minecraft:vex":2,"minecraft:witch":1,"minecraft:allay":1,"minecraft:spider":1,"minecraft:vindicator":7,"minecraft:skeleton":9,"minecraft:pig":10,"minecraft:sheep":5,"minecraft:zombie":4},"minecraft:custom":{"minecraft:inspect_dropper":4,"minecraft:mob_kills":49,"minecraft:interact_with_crafting_table":24,"minecraft:leave_game":1,"minecraft:time_since_death":199,"minecraft:climb_one_cm":1605,"minecraft:sprint_one_cm":291198,"minecraft:walk_one_cm":196223,"minecraft:damage_blocked_by_shield":520,"minecraft:drop":65,"minecraft:play_time":128756,"minecraft:deaths":17,"minecraft:sneak_time":3819,"minecraft:walk_under_water_one_cm":22119,"minecraft:jump":2023,"minecraft:walk_on_water_one_cm":23740,"minecraft:total_world_time":128756,"minecraft:interact_with_furnace":40,"minecraft:time_since_rest":1303,"minecraft:damage_taken":59969243,"minecraft:damage_absorbed":80,"minecraft:damage_dealt":9111,"minecraft:swim_one_cm":34550,"minecraft:fly_one_cm":450726,"minecraft:player_kills":3,"minecraft:open_chest":29,"minecraft:crouch_one_cm":8527,"minecraft:fall_one_cm":53455},"minecraft:used":{"minecraft:light_gray_carpet":1,"minecraft:chest":11,"minecraft:shield":12,"minecraft:zombie_spawn_egg":56,"minecraft:iron_sword":54,"minecraft:wooden_shovel":8,"minecraft:rotten_flesh":1,"minecraft:torch":5,"minecraft:dirt":15,"minecraft:white_carpet":3,"minecraft:tuff":8,"minecraft:granite":1,"minecraft:wooden_axe":16,"minecraft:dark_oak_planks":11,"minecraft:iron_axe":16,"minecraft:iron_helmet":1,"minecraft:totem_of_undying":2,"minecraft:furnace":8,"minecraft:egg":1,"minecraft:cooked_beef":7,"minecraft:cobbled_deepslate":37,"minecraft:cooked_mutton":5,"minecraft:water_bucket":20,"minecraft:diamond_boots":2,"minecraft:dropper":1,"minecraft:birch_planks":50,"minecraft:stone_pickaxe":56,"minecraft:lime_wool":1,"minecraft:wooden_pickaxe":4,"minecraft:diamond_axe":76,"minecraft:crafting_table":16,"minecraft:light_blue_wool":1,"minecraft:lever":1,"minecraft:diamond_pickaxe":15,"minecraft:black_wool":2,"minecraft:iron_pickaxe":240,"minecraft:crimson_sign":1,"minecraft:stone_axe":10,"minecraft:diamond_sword":156,"minecraft:cobblestone":156,"minecraft:cooked_porkchop":12,"minecraft:bucket":22,"minecraft:andesite":2},"minecraft:mined":{"minecraft:dark_oak_planks":13,"minecraft:diamond_ore":8,"minecraft:tuff":8,"minecraft:deepslate_diamond_ore":14,"minecraft:dark_oak_log":3,"minecraft:granite":8,"minecraft:grass_block":1,"minecraft:lime_wool":1,"minecraft:spawner":1,"minecraft:furnace":5,"minecraft:iron_ore":27,"minecraft:cobbled_deepslate":3,"minecraft:fire":39,"minecraft:andesite":2,"minecraft:deepslate_lapis_ore":1,"minecraft:deepslate_iron_ore":19,"minecraft:stone":125,"minecraft:glass_pane":5,"minecraft:crafting_table":15,"minecraft:torch":1,"minecraft:cobblestone":18,"minecraft:wall_torch":2,"minecraft:birch_planks":8,"minecraft:birch_log":16,"minecraft:birch_leaves":1,"minecraft:black_wool":4,"minecraft:grass":4,"minecraft:coal_ore":18,"minecraft:oak_log":6,"minecraft:dirt":26,"minecraft:cobweb":6,"minecraft:deepslate":35,"minecraft:fern":1}},"DataVersion":3465}