{"stats":{"minecraft:broken":{"minecraft:iron_pickaxe":1},"minecraft:dropped":{"minecraft:iron_ingot":8,"minecraft:stone_axe":1,"minecraft:porkchop":5,"minecraft:lapis_lazuli":7,"minecraft:cooked_chicken":1,"minecraft:cobbled_deepslate":2,"minecraft:raw_copper":3,"minecraft:diamond":1,"minecraft:cooked_porkchop":2,"minecraft:rotten_flesh":1,"minecraft:cobblestone":11,"minecraft:oak_planks":10,"minecraft:granite":6,"minecraft:stick":1,"minecraft:dirt":12,"minecraft:torch":16,"minecraft:wooden_axe":2,"minecraft:arrow":4,"minecraft:wooden_pickaxe":1,"minecraft:stone_pickaxe":4,"minecraft:white_wool":1,"minecraft:bone":4},"minecraft:crafted":{"minecraft:oak_planks":24,"minecraft:wooden_shovel":1,"minecraft:diamond_sword":1,"minecraft:cooked_porkchop":13,"minecraft:diamond_axe":1,"minecraft:crafting_table":1,"minecraft:iron_helmet":1,"minecraft:wooden_pickaxe":1,"minecraft:iron_sword":1,"minecraft:furnace":3,"minecraft:bucket":2,"minecraft:birch_planks":64,"minecraft:stone_axe":1,"minecraft:cooked_mutton":7,"minecraft:air":0,"minecraft:iron_chestplate":1,"minecraft:diamond_pickaxe":1,"minecraft:shield":1,"minecraft:iron_axe":1,"minecraft:stick":20,"minecraft:iron_ingot":36,"minecraft:iron_pickaxe":1,"minecraft:stone_pickaxe":1,"minecraft:wooden_axe":1,"minecraft:diamond_boots":1,"minecraft:torch":16},"minecraft:picked_up":{"minecraft:wooden_axe":1,"minecraft:birch_log":16,"minecraft:crafting_table":15,"minecraft:water_bucket":1,"minecraft:andesite":2,"minecraft:birch_planks":89,"minecraft:tuff":8,"minecraft:oak_log":6,"minecraft:shield":1,"minecraft:lapis_lazuli":7,"minecraft:string":4,"minecraft:dirt":39,"minecraft:raw_copper":3,"minecraft:iron_axe":1,"minecraft:bone":4,"minecraft:cobbled_deepslate":40,"minecraft:stone_pickaxe":3,"minecraft:cooked_chicken":1,"minecraft:iron_pickaxe":2,"minecraft:iron_sword":1,"minecraft:egg":1,"minecraft:furnace":6,"minecraft:stick":9,"minecraft:raw_iron":46,"minecraft:torch":18,"minecraft:porkchop":27,"minecraft:dark_oak_planks":2,"minecraft:arrow":4,"minecraft:rotten_flesh":1,"minecraft:light_blue_wool":1,"minecraft:diamond":22,"minecraft:granite":7,"minecraft:mutton":14,"minecraft:coal":19,"minecraft:white_wool":7,"minecraft:cobblestone":208},"minecraft:killed_by":{"minecraft:vindicator":1,"minecraft:player":1},"minecraft:killed":{"minecraft:pig":10,"minecraft:allay":1,"minecraft:vindicator":1,"minecraft:skeleton":5,"minecraft:sheep":5,"minecraft:zombie":3},"minecraft:custom":{"minecraft:interact_with_furnace":40,"minecraft:mob_kills":26,"minecraft:interact_with_crafting_table":22,"minecraft:leave_game":1,"minecraft:time_since_death":215,"minecraft:climb_one_cm":351,"minecraft:time_since_rest":243,"minecraft:sprint_one_cm":162931,"minecraft:damage_taken":2146,"minecraft:walk_one_cm":120378,"minecraft:damage_blocked_by_shield":245,"minecraft:drop":51,"minecraft:damage_dealt":4483,"minecraft:swim_one_cm":33097,"minecraft:player_kills":1,"minecraft:fly_one_cm":190895,"minecraft:crouch_one_cm":7059,"minecraft:play_time":80786,"minecraft:deaths":3,"minecraft:sneak_time":3224,"minecraft:walk_under_water_one_cm":19699,"minecraft:jump":1291,"minecraft:walk_on_water_one_cm":21504,"minecraft:total_world_time":80786,"minecraft:fall_one_cm":35055},"minecraft:used":{"minecraft:cooked_mutton":5,"minecraft:water_bucket":14,"minecraft:diamond_boots":1,"minecraft:birch_planks":50,"minecraft:stone_pickaxe":56,"minecraft:wooden_pickaxe":4,"minecraft:shield":6,"minecraft:iron_sword":54,"minecraft:diamond_axe":16,"minecraft:wooden_shovel":8,"minecraft:torch":2,"minecraft:crafting_table":13,"minecraft:light_blue_wool":1,"minecraft:tuff":8,"minecraft:granite":1,"minecraft:dark_oak_planks":2,"minecraft:wooden_axe":16,"minecraft:diamond_pickaxe":15,"minecraft:iron_axe":16,"minecraft:iron_pickaxe":240,"minecraft:iron_helmet":1,"minecraft:stone_axe":10,"minecraft:diamond_sword":28,"minecraft:cobblestone":156,"minecraft:furnace":8,"minecraft:cooked_porkchop":11,"minecraft:andesite":2,"minecraft:bucket":16,"minecraft:egg":1,"minecraft:cobbled_deepslate":37},"minecraft:mined":{"minecraft:dark_oak_planks":2,"minecraft:diamond_ore":8,"minecraft:tuff":8,"minecraft:deepslate_diamond_ore":14,"minecraft:crafting_table":12,"minecraft:torch":1,"minecraft:granite":8,"minecraft:grass_block":1,"minecraft:cobblestone":18,"minecraft:wall_torch":2,"minecraft:spawner":1,"minecraft:birch_planks":8,"minecraft:furnace":5,"minecraft:cobbled_deepslate":3,"minecraft:birch_log":16,"minecraft:iron_ore":27,"minecraft:andesite":2,"minecraft:birch_leaves":1,"minecraft:deepslate_lapis_ore":1,"minecraft:grass":4,"minecraft:oak_log":6,"minecraft:coal_ore":18,"minecraft:deepslate_iron_ore":19,"minecraft:dirt":26,"minecraft:cobweb":6,"minecraft:stone":125,"minecraft:fern":1,"minecraft:deepslate":35}},"DataVersion":3465}