{"stats":{"minecraft:dropped":{"minecraft:stone_axe":1,"minecraft:lapis_lazuli":7,"minecraft:cooked_chicken":1,"minecraft:cobbled_deepslate":2,"minecraft:raw_copper":3,"minecraft:rotten_flesh":1,"minecraft:cobblestone":11,"minecraft:stick":1,"minecraft:dirt":12,"minecraft:torch":16,"minecraft:wooden_axe":2,"minecraft:arrow":2,"minecraft:wooden_pickaxe":1,"minecraft:stone_pickaxe":4,"minecraft:white_wool":1,"minecraft:bone":2},"minecraft:crafted":{"minecraft:wooden_shovel":1,"minecraft:cooked_porkchop":7,"minecraft:crafting_table":1,"minecraft:wooden_pickaxe":1,"minecraft:iron_sword":1,"minecraft:furnace":1,"minecraft:bucket":1,"minecraft:birch_planks":64,"minecraft:stone_axe":1,"minecraft:cooked_mutton":7,"minecraft:air":0,"minecraft:shield":1,"minecraft:iron_axe":1,"minecraft:stick":12,"minecraft:iron_ingot":12,"minecraft:iron_pickaxe":1,"minecraft:stone_pickaxe":1,"minecraft:wooden_axe":1,"minecraft:torch":16},"minecraft:picked_up":{"minecraft:wooden_axe":1,"minecraft:birch_log":16,"minecraft:crafting_table":10,"minecraft:water_bucket":1,"minecraft:andesite":2,"minecraft:birch_planks":89,"minecraft:tuff":8,"minecraft:shield":1,"minecraft:lapis_lazuli":7,"minecraft:string":4,"minecraft:dirt":39,"minecraft:raw_copper":3,"minecraft:iron_axe":1,"minecraft:bone":2,"minecraft:cobbled_deepslate":39,"minecraft:stone_pickaxe":3,"minecraft:cooked_chicken":1,"minecraft:iron_pickaxe":2,"minecraft:iron_sword":1,"minecraft:egg":1,"minecraft:furnace":5,"minecraft:stick":9,"minecraft:raw_iron":46,"minecraft:torch":18,"minecraft:porkchop":10,"minecraft:arrow":2,"minecraft:rotten_flesh":1,"minecraft:diamond":18,"minecraft:granite":1,"minecraft:mutton":14,"minecraft:coal":17,"minecraft:white_wool":7,"minecraft:cobblestone":161},"minecraft:killed_by":{"minecraft:player":1},"minecraft:killed":{"minecraft:pig":4,"minecraft:skeleton":4,"minecraft:sheep":5,"minecraft:zombie":3},"minecraft:custom":{"minecraft:interact_with_furnace":20,"minecraft:mob_kills":17,"minecraft:interact_with_crafting_table":11,"minecraft:leave_game":1,"minecraft:time_since_death":8521,"minecraft:time_since_rest":8587,"minecraft:sprint_one_cm":138797,"minecraft:damage_taken":1728,"minecraft:walk_one_cm":84025,"minecraft:damage_blocked_by_shield":245,"minecraft:drop":23,"minecraft:damage_dealt":3282,"minecraft:swim_one_cm":29524,"minecraft:player_kills":1,"minecraft:fly_one_cm":154031,"minecraft:crouch_one_cm":5701,"minecraft:play_time":56786,"minecraft:deaths":2,"minecraft:sneak_time":2747,"minecraft:walk_under_water_one_cm":16714,"minecraft:jump":1052,"minecraft:walk_on_water_one_cm":20763,"minecraft:total_world_time":56786,"minecraft:fall_one_cm":30428},"minecraft:used":{"minecraft:cooked_mutton":5,"minecraft:water_bucket":14,"minecraft:birch_planks":50,"minecraft:stone_pickaxe":56,"minecraft:wooden_pickaxe":4,"minecraft:shield":6,"minecraft:iron_sword":54,"minecraft:wooden_shovel":8,"minecraft:torch":2,"minecraft:crafting_table":8,"minecraft:tuff":8,"minecraft:granite":1,"minecraft:wooden_axe":16,"minecraft:iron_axe":16,"minecraft:iron_pickaxe":192,"minecraft:stone_axe":10,"minecraft:cobblestone":97,"minecraft:furnace":5,"minecraft:cooked_porkchop":7,"minecraft:andesite":2,"minecraft:bucket":15,"minecraft:egg":1,"minecraft:cobbled_deepslate":19},"minecraft:mined":{"minecraft:diamond_ore":6,"minecraft:tuff":8,"minecraft:deepslate_diamond_ore":12,"minecraft:crafting_table":7,"minecraft:torch":1,"minecraft:granite":1,"minecraft:grass_block":1,"minecraft:cobblestone":16,"minecraft:wall_torch":2,"minecraft:spawner":1,"minecraft:birch_planks":8,"minecraft:furnace":4,"minecraft:cobbled_deepslate":3,"minecraft:birch_log":16,"minecraft:iron_ore":27,"minecraft:andesite":2,"minecraft:birch_leaves":1,"minecraft:deepslate_lapis_ore":1,"minecraft:grass":4,"minecraft:coal_ore":18,"minecraft:deepslate_iron_ore":19,"minecraft:dirt":26,"minecraft:cobweb":6,"minecraft:stone":77,"minecraft:deepslate":34}},"DataVersion":3465}