{"stats":{"minecraft:dropped":{"minecraft:stone_axe":1,"minecraft:wooden_axe":2,"minecraft:stone_pickaxe":2,"minecraft:wooden_pickaxe":1,"minecraft:white_wool":1},"minecraft:crafted":{"minecraft:wooden_shovel":1,"minecraft:cooked_porkchop":4,"minecraft:shield":1,"minecraft:iron_axe":1,"minecraft:crafting_table":1,"minecraft:stick":12,"minecraft:iron_pickaxe":1,"minecraft:iron_ingot":12,"minecraft:wooden_pickaxe":1,"minecraft:stone_pickaxe":1,"minecraft:wooden_axe":1,"minecraft:iron_sword":1,"minecraft:furnace":1,"minecraft:bucket":1,"minecraft:torch":16,"minecraft:birch_planks":64,"minecraft:stone_axe":1,"minecraft:air":0},"minecraft:picked_up":{"minecraft:wooden_axe":1,"minecraft:birch_log":16,"minecraft:raw_iron":12,"minecraft:stick":8,"minecraft:crafting_table":7,"minecraft:torch":1,"minecraft:birch_planks":27,"minecraft:porkchop":7,"minecraft:dirt":4,"minecraft:stone_pickaxe":1,"minecraft:mutton":7,"minecraft:coal":14,"minecraft:white_wool":4,"minecraft:cobblestone":32,"minecraft:furnace":2},"minecraft:killed":{"minecraft:sheep":5,"minecraft:zombie":2,"minecraft:pig":4,"minecraft:skeleton":1},"minecraft:custom":{"minecraft:time_since_rest":20786,"minecraft:interact_with_furnace":11,"minecraft:sprint_one_cm":42278,"minecraft:damage_taken":332,"minecraft:walk_one_cm":33583,"minecraft:damage_blocked_by_shield":45,"minecraft:mob_kills":12,"minecraft:drop":7,"minecraft:damage_dealt":1876,"minecraft:swim_one_cm":22613,"minecraft:interact_with_crafting_table":11,"minecraft:fly_one_cm":53367,"minecraft:player_kills":1,"minecraft:crouch_one_cm":1116,"minecraft:play_time":20786,"minecraft:sneak_time":452,"minecraft:walk_under_water_one_cm":3449,"minecraft:jump":361,"minecraft:leave_game":1,"minecraft:time_since_death":20786,"minecraft:walk_on_water_one_cm":10012,"minecraft:total_world_time":20786,"minecraft:fall_one_cm":8501},"minecraft:used":{"minecraft:wooden_axe":16,"minecraft:iron_axe":13,"minecraft:birch_planks":37,"minecraft:stone_pickaxe":56,"minecraft:iron_pickaxe":1,"minecraft:shield":2,"minecraft:wooden_pickaxe":4,"minecraft:iron_sword":19,"minecraft:stone_axe":10,"minecraft:torch":1,"minecraft:cobblestone":18,"minecraft:crafting_table":8,"minecraft:furnace":2,"minecraft:cooked_porkchop":4,"minecraft:bucket":1},"minecraft:mined":{"minecraft:birch_planks":8,"minecraft:furnace":2,"minecraft:iron_ore":12,"minecraft:birch_log":16,"minecraft:birch_leaves":1,"minecraft:crafting_table":6,"minecraft:grass":4,"minecraft:grass_block":1,"minecraft:coal_ore":14,"minecraft:dirt":3,"minecraft:stone":33,"minecraft:wall_torch":1}},"DataVersion":3465}