{"stats":{"minecraft:dropped":{"minecraft:stone_axe":1,"minecraft:cooked_chicken":1,"minecraft:cobbled_deepslate":2,"minecraft:raw_copper":3,"minecraft:rotten_flesh":1,"minecraft:cobblestone":11,"minecraft:stick":1,"minecraft:dirt":12,"minecraft:torch":16,"minecraft:wooden_axe":2,"minecraft:arrow":2,"minecraft:wooden_pickaxe":1,"minecraft:stone_pickaxe":4,"minecraft:white_wool":1},"minecraft:crafted":{"minecraft:wooden_shovel":1,"minecraft:cooked_porkchop":7,"minecraft:crafting_table":1,"minecraft:wooden_pickaxe":1,"minecraft:iron_sword":1,"minecraft:furnace":1,"minecraft:bucket":1,"minecraft:birch_planks":64,"minecraft:stone_axe":1,"minecraft:air":0,"minecraft:shield":1,"minecraft:iron_axe":1,"minecraft:stick":12,"minecraft:iron_ingot":12,"minecraft:iron_pickaxe":1,"minecraft:stone_pickaxe":1,"minecraft:wooden_axe":1,"minecraft:torch":16},"minecraft:picked_up":{"minecraft:wooden_axe":1,"minecraft:birch_log":16,"minecraft:crafting_table":9,"minecraft:water_bucket":1,"minecraft:birch_planks":89,"minecraft:shield":1,"minecraft:dirt":24,"minecraft:raw_copper":3,"minecraft:iron_axe":1,"minecraft:cobbled_deepslate":2,"minecraft:stone_pickaxe":3,"minecraft:cooked_chicken":1,"minecraft:iron_pickaxe":1,"minecraft:iron_sword":1,"minecraft:furnace":4,"minecraft:stick":9,"minecraft:raw_iron":20,"minecraft:torch":18,"minecraft:porkchop":10,"minecraft:arrow":2,"minecraft:rotten_flesh":1,"minecraft:mutton":14,"minecraft:coal":14,"minecraft:white_wool":7,"minecraft:cobblestone":118},"minecraft:killed_by":{"minecraft:player":1},"minecraft:killed":{"minecraft:pig":4,"minecraft:skeleton":1,"minecraft:sheep":5,"minecraft:zombie":3},"minecraft:custom":{"minecraft:interact_with_furnace":15,"minecraft:mob_kills":13,"minecraft:interact_with_crafting_table":11,"minecraft:leave_game":1,"minecraft:time_since_death":10663,"minecraft:time_since_rest":10694,"minecraft:sprint_one_cm":67666,"minecraft:damage_taken":813,"minecraft:walk_one_cm":45090,"minecraft:damage_blocked_by_shield":135,"minecraft:drop":20,"minecraft:damage_dealt":2242,"minecraft:swim_one_cm":22613,"minecraft:player_kills":1,"minecraft:fly_one_cm":67166,"minecraft:crouch_one_cm":2256,"minecraft:play_time":32786,"minecraft:deaths":1,"minecraft:sneak_time":1102,"minecraft:walk_under_water_one_cm":4454,"minecraft:jump":471,"minecraft:walk_on_water_one_cm":10178,"minecraft:total_world_time":32786,"minecraft:fall_one_cm":11071},"minecraft:used":{"minecraft:water_bucket":2,"minecraft:birch_planks":44,"minecraft:stone_pickaxe":56,"minecraft:wooden_pickaxe":4,"minecraft:shield":3,"minecraft:iron_sword":33,"minecraft:wooden_shovel":8,"minecraft:torch":2,"minecraft:crafting_table":8,"minecraft:wooden_axe":16,"minecraft:iron_axe":14,"minecraft:iron_pickaxe":29,"minecraft:stone_axe":10,"minecraft:cobblestone":18,"minecraft:furnace":3,"minecraft:cooked_porkchop":6,"minecraft:bucket":3},"minecraft:mined":{"minecraft:crafting_table":7,"minecraft:torch":1,"minecraft:grass_block":1,"minecraft:cobblestone":11,"minecraft:wall_torch":2,"minecraft:birch_planks":8,"minecraft:furnace":3,"minecraft:birch_log":16,"minecraft:iron_ore":15,"minecraft:birch_leaves":1,"minecraft:grass":4,"minecraft:coal_ore":14,"minecraft:deepslate_iron_ore":5,"minecraft:dirt":11,"minecraft:stone":38,"minecraft:deepslate":2}},"DataVersion":3465}