{"stats":{"minecraft:broken":{"minecraft:stone_pickaxe":1},"minecraft:dropped":{"minecraft:water_bucket":1,"minecraft:furnace":1,"minecraft:iron_sword":1,"minecraft:birch_planks":32,"minecraft:porkchop":3,"minecraft:crafting_table":1,"minecraft:cobblestone":64,"minecraft:torch":16,"minecraft:mutton":7,"minecraft:iron_axe":1,"minecraft:stone_pickaxe":1,"minecraft:wooden_pickaxe":1,"minecraft:iron_pickaxe":1,"minecraft:birch_log":1},"minecraft:crafted":{"minecraft:cooked_beef":3,"minecraft:stone_shovel":1,"minecraft:crafting_table":2,"minecraft:wooden_pickaxe":1,"minecraft:cooked_chicken":1,"minecraft:furnace":1,"minecraft:birch_planks":56,"minecraft:stone_axe":1,"minecraft:air":0,"minecraft:shield":1,"minecraft:stick":24,"minecraft:iron_ingot":4,"minecraft:iron_pickaxe":1,"minecraft:stone_pickaxe":3,"minecraft:torch":12},"minecraft:picked_up":{"minecraft:birch_log":17,"minecraft:crafting_table":5,"minecraft:feather":4,"minecraft:cooked_beef":1,"minecraft:chicken":1,"minecraft:water_bucket":1,"minecraft:andesite":4,"minecraft:leather":2,"minecraft:birch_planks":35,"minecraft:shield":1,"minecraft:dirt":66,"minecraft:string":2,"minecraft:raw_copper":6,"minecraft:iron_axe":1,"minecraft:bone":4,"minecraft:cobbled_deepslate":130,"minecraft:stone_pickaxe":1,"minecraft:beef":3,"minecraft:cooked_chicken":1,"minecraft:wooden_shovel":2,"minecraft:iron_pickaxe":2,"minecraft:birch_sapling":2,"minecraft:iron_sword":1,"minecraft:egg":1,"minecraft:furnace":3,"minecraft:stick":1,"minecraft:raw_iron":24,"minecraft:torch":35,"minecraft:gravel":32,"minecraft:porkchop":3,"minecraft:diorite":28,"minecraft:spider_eye":2,"minecraft:arrow":4,"minecraft:stone_shovel":1,"minecraft:stone_axe":1,"minecraft:granite":20,"minecraft:mutton":7,"minecraft:coal":64,"minecraft:cobblestone":362},"minecraft:killed_by":{"minecraft:player":1},"minecraft:killed":{"minecraft:spider":2,"minecraft:zombie":1,"minecraft:chicken":1,"minecraft:cow":2},"minecraft:custom":{"minecraft:interact_with_furnace":8,"minecraft:mob_kills":7,"minecraft:interact_with_crafting_table":7,"minecraft:time_since_death":846,"minecraft:time_since_rest":889,"minecraft:sprint_one_cm":39004,"minecraft:damage_taken":1132,"minecraft:walk_one_cm":76623,"minecraft:damage_blocked_by_shield":112,"minecraft:drop":14,"minecraft:damage_dealt":1178,"minecraft:player_kills":1,"minecraft:swim_one_cm":2972,"minecraft:fly_one_cm":36853,"minecraft:crouch_one_cm":7578,"minecraft:play_time":35512,"minecraft:deaths":3,"minecraft:sneak_time":3297,"minecraft:walk_under_water_one_cm":1206,"minecraft:jump":437,"minecraft:walk_on_water_one_cm":1342,"minecraft:total_world_time":35512,"minecraft:fall_one_cm":11790},"minecraft:used":{"minecraft:stone_shovel":7,"minecraft:stone_pickaxe":243,"minecraft:shield":14,"minecraft:wooden_pickaxe":10,"minecraft:torch":15,"minecraft:dirt":42,"minecraft:crafting_table":3,"minecraft:iron_pickaxe":116,"minecraft:stone_axe":19,"minecraft:cobblestone":11,"minecraft:furnace":1,"minecraft:egg":1,"minecraft:cooked_beef":2},"minecraft:mined":{"minecraft:crafting_table":3,"minecraft:torch":4,"minecraft:granite":10,"minecraft:grass_block":3,"minecraft:copper_ore":1,"minecraft:diorite":14,"minecraft:wall_torch":5,"minecraft:furnace":1,"minecraft:birch_log":15,"minecraft:iron_ore":14,"minecraft:birch_leaves":12,"minecraft:andesite":2,"minecraft:grass":1,"minecraft:coal_ore":26,"minecraft:gravel":10,"minecraft:dirt":23,"minecraft:stone":224,"minecraft:deepslate":64}},"DataVersion":3465}