{"stats":{"minecraft:broken":{"minecraft:stone_pickaxe":1},"minecraft:dropped":{"minecraft:water_bucket":1,"minecraft:iron_sword":1,"minecraft:porkchop":3,"minecraft:birch_planks":32,"minecraft:crafting_table":1,"minecraft:oak_fence":6,"minecraft:cobblestone":192,"minecraft:rail":2,"minecraft:coal":18,"minecraft:red_carpet":5,"minecraft:torch":16,"minecraft:mutton":7,"minecraft:iron_axe":1,"minecraft:iron_pickaxe":1,"minecraft:birch_log":4,"minecraft:gravel":4,"minecraft:furnace":1,"minecraft:white_carpet":5,"minecraft:oak_planks":4,"minecraft:cyan_wool":2,"minecraft:stone_pickaxe":1,"minecraft:wooden_pickaxe":1},"minecraft:crafted":{"minecraft:stone_shovel":1,"minecraft:birch_boat":1,"minecraft:cooked_chicken":1,"minecraft:furnace":1,"minecraft:flint_and_steel":1,"minecraft:diamond_leggings":1,"minecraft:iron_axe":1,"minecraft:stone_pickaxe":3,"minecraft:cooked_beef":3,"minecraft:crafting_table":4,"minecraft:wooden_pickaxe":1,"minecraft:bucket":1,"minecraft:birch_planks":60,"minecraft:stone_axe":1,"minecraft:air":0,"minecraft:iron_chestplate":1,"minecraft:diamond_pickaxe":1,"minecraft:shield":1,"minecraft:stick":32,"minecraft:iron_pickaxe":1,"minecraft:iron_ingot":16,"minecraft:torch":28},"minecraft:picked_up":{"minecraft:crafting_table":8,"minecraft:chicken":1,"minecraft:shield":1,"minecraft:string":3,"minecraft:iron_axe":1,"minecraft:raw_copper":6,"minecraft:white_carpet":13,"minecraft:cobbled_deepslate":158,"minecraft:beef":3,"minecraft:cyan_wool":2,"minecraft:wooden_shovel":2,"minecraft:iron_pickaxe":2,"minecraft:birch_sapling":2,"minecraft:furnace":3,"minecraft:egg":1,"minecraft:raw_iron":26,"minecraft:stick":1,"minecraft:oak_fence":6,"minecraft:torch":36,"minecraft:porkchop":3,"minecraft:diorite":28,"minecraft:dark_oak_planks":3,"minecraft:stone_shovel":1,"minecraft:arrow":13,"minecraft:rotten_flesh":3,"minecraft:mutton":7,"minecraft:obsidian":6,"minecraft:iron_bars":1,"minecraft:rail":2,"minecraft:cobblestone":372,"minecraft:birch_log":20,"minecraft:magma_block":1,"minecraft:feather":4,"minecraft:cooked_beef":1,"minecraft:andesite":4,"minecraft:water_bucket":1,"minecraft:jungle_log":9,"minecraft:leather":2,"minecraft:birch_planks":39,"minecraft:flint":1,"minecraft:dirt":66,"minecraft:red_carpet":14,"minecraft:bone":10,"minecraft:stone_bricks":1,"minecraft:iron_ingot":3,"minecraft:stone_pickaxe":1,"minecraft:cooked_chicken":1,"minecraft:iron_sword":1,"minecraft:oak_planks":21,"minecraft:birch_boat":1,"minecraft:chiseled_stone_bricks":1,"minecraft:gravel":81,"minecraft:spider_eye":3,"minecraft:diamond":10,"minecraft:stone_axe":1,"minecraft:granite":20,"minecraft:netherrack":14,"minecraft:coal":64},"minecraft:killed_by":{"minecraft:player":1,"minecraft:vindicator":3},"minecraft:killed":{"minecraft:spider":4,"minecraft:vindicator":2,"minecraft:skeleton":7,"minecraft:chicken":1,"minecraft:zombie":5,"minecraft:cow":2},"minecraft:custom":{"minecraft:mob_kills":22,"minecraft:interact_with_crafting_table":13,"minecraft:time_since_death":4164,"minecraft:climb_one_cm":100,"minecraft:sprint_one_cm":169997,"minecraft:walk_one_cm":230627,"minecraft:damage_blocked_by_shield":1357,"minecraft:drop":57,"minecraft:play_time":95499,"minecraft:sneak_time":6314,"minecraft:deaths":11,"minecraft:walk_under_water_one_cm":9574,"minecraft:jump":1411,"minecraft:walk_on_water_one_cm":16543,"minecraft:total_world_time":95499,"minecraft:interact_with_furnace":13,"minecraft:time_since_rest":4233,"minecraft:damage_taken":3916,"minecraft:damage_absorbed":40,"minecraft:damage_dealt":4280,"minecraft:fly_one_cm":465665,"minecraft:swim_one_cm":4399,"minecraft:player_kills":1,"minecraft:open_chest":4,"minecraft:crouch_one_cm":15066,"minecraft:fall_one_cm":45297},"minecraft:used":{"minecraft:flint_and_steel":49,"minecraft:stone_shovel":60,"minecraft:shield":47,"minecraft:cooked_chicken":1,"minecraft:rotten_flesh":3,"minecraft:netherrack":1,"minecraft:torch":38,"minecraft:dirt":52,"minecraft:granite":10,"minecraft:obsidian":8,"minecraft:iron_axe":40,"minecraft:magma_block":1,"minecraft:furnace":2,"minecraft:egg":1,"minecraft:cooked_beef":3,"minecraft:cobbled_deepslate":94,"minecraft:water_bucket":1,"minecraft:diorite":14,"minecraft:stone_pickaxe":243,"minecraft:baked_potato":1,"minecraft:wooden_pickaxe":10,"minecraft:birch_boat":1,"minecraft:golden_apple":1,"minecraft:crafting_table":9,"minecraft:diamond_pickaxe":14,"minecraft:bread":3,"minecraft:iron_pickaxe":158,"minecraft:gravel":41,"minecraft:stone_axe":67,"minecraft:chiseled_stone_bricks":1,"minecraft:cobblestone":21,"minecraft:bucket":2},"minecraft:mined":{"minecraft:dark_oak_planks":2,"minecraft:red_carpet":2,"minecraft:light_blue_wool":1,"minecraft:deepslate_diamond_ore":10,"minecraft:jungle_leaves":3,"minecraft:obsidian":6,"minecraft:granite":10,"minecraft:grass_block":3,"minecraft:jungle_log":9,"minecraft:chiseled_stone_bricks":1,"minecraft:magma_block":1,"minecraft:furnace":1,"minecraft:iron_ore":14,"minecraft:fire":27,"minecraft:andesite":2,"minecraft:deepslate_iron_ore":2,"minecraft:vine":3,"minecraft:iron_bars":2,"minecraft:stone":224,"minecraft:oak_fence":2,"minecraft:crafting_table":6,"minecraft:torch":4,"minecraft:copper_ore":1,"minecraft:oak_planks":21,"minecraft:diorite":14,"minecraft:wall_torch":5,"minecraft:birch_log":19,"minecraft:birch_leaves":14,"minecraft:grass":1,"minecraft:coal_ore":26,"minecraft:dirt":23,"minecraft:gravel":61,"minecraft:stone_bricks":1,"minecraft:netherrack":15,"minecraft:deepslate":77}},"DataVersion":3465}