{"stats":{"minecraft:broken":{"minecraft:stone_pickaxe":1},"minecraft:dropped":{"minecraft:water_bucket":1,"minecraft:furnace":1,"minecraft:iron_sword":1,"minecraft:birch_planks":32,"minecraft:porkchop":3,"minecraft:crafting_table":1,"minecraft:cobblestone":128,"minecraft:oak_planks":4,"minecraft:rail":2,"minecraft:coal":14,"minecraft:torch":16,"minecraft:mutton":7,"minecraft:iron_axe":1,"minecraft:stone_pickaxe":1,"minecraft:wooden_pickaxe":1,"minecraft:iron_pickaxe":1,"minecraft:birch_log":1},"minecraft:crafted":{"minecraft:cooked_beef":3,"minecraft:stone_shovel":1,"minecraft:crafting_table":2,"minecraft:birch_boat":1,"minecraft:wooden_pickaxe":1,"minecraft:cooked_chicken":1,"minecraft:furnace":1,"minecraft:birch_planks":60,"minecraft:stone_axe":1,"minecraft:air":0,"minecraft:shield":1,"minecraft:iron_axe":1,"minecraft:stick":32,"minecraft:iron_ingot":4,"minecraft:iron_pickaxe":1,"minecraft:stone_pickaxe":3,"minecraft:torch":28},"minecraft:picked_up":{"minecraft:birch_log":17,"minecraft:crafting_table":8,"minecraft:feather":4,"minecraft:cooked_beef":1,"minecraft:chicken":1,"minecraft:water_bucket":1,"minecraft:andesite":4,"minecraft:leather":2,"minecraft:birch_planks":35,"minecraft:shield":1,"minecraft:dirt":66,"minecraft:string":3,"minecraft:raw_copper":6,"minecraft:iron_axe":1,"minecraft:bone":10,"minecraft:cobbled_deepslate":157,"minecraft:iron_ingot":3,"minecraft:stone_pickaxe":1,"minecraft:beef":3,"minecraft:cooked_chicken":1,"minecraft:wooden_shovel":2,"minecraft:iron_pickaxe":2,"minecraft:oak_planks":21,"minecraft:birch_sapling":2,"minecraft:iron_sword":1,"minecraft:egg":1,"minecraft:furnace":3,"minecraft:stick":1,"minecraft:raw_iron":26,"minecraft:birch_boat":1,"minecraft:oak_fence":5,"minecraft:torch":35,"minecraft:gravel":32,"minecraft:porkchop":3,"minecraft:diorite":28,"minecraft:spider_eye":3,"minecraft:arrow":12,"minecraft:rotten_flesh":2,"minecraft:stone_shovel":1,"minecraft:diamond":10,"minecraft:stone_axe":1,"minecraft:granite":20,"minecraft:mutton":7,"minecraft:coal":64,"minecraft:rail":2,"minecraft:cobblestone":372},"minecraft:killed_by":{"minecraft:player":1},"minecraft:killed":{"minecraft:spider":4,"minecraft:skeleton":5,"minecraft:zombie":4,"minecraft:chicken":1,"minecraft:cow":2},"minecraft:custom":{"minecraft:interact_with_furnace":9,"minecraft:mob_kills":17,"minecraft:interact_with_crafting_table":10,"minecraft:time_since_death":7374,"minecraft:time_since_rest":7414,"minecraft:sprint_one_cm":111058,"minecraft:damage_taken":1667,"minecraft:walk_one_cm":153564,"minecraft:damage_blocked_by_shield":1007,"minecraft:drop":34,"minecraft:damage_dealt":2899,"minecraft:player_kills":1,"minecraft:swim_one_cm":2972,"minecraft:fly_one_cm":87191,"minecraft:crouch_one_cm":10536,"minecraft:play_time":59512,"minecraft:deaths":4,"minecraft:sneak_time":4137,"minecraft:walk_under_water_one_cm":2986,"minecraft:jump":872,"minecraft:walk_on_water_one_cm":8872,"minecraft:total_world_time":59512,"minecraft:fall_one_cm":22469},"minecraft:used":{"minecraft:diorite":1,"minecraft:stone_shovel":8,"minecraft:stone_pickaxe":243,"minecraft:birch_boat":1,"minecraft:shield":40,"minecraft:wooden_pickaxe":10,"minecraft:cooked_chicken":1,"minecraft:torch":38,"minecraft:dirt":42,"minecraft:crafting_table":7,"minecraft:bread":3,"minecraft:iron_pickaxe":145,"minecraft:stone_axe":67,"minecraft:cobblestone":11,"minecraft:furnace":1,"minecraft:egg":1,"minecraft:cooked_beef":3,"minecraft:cobbled_deepslate":38},"minecraft:mined":{"minecraft:deepslate_diamond_ore":10,"minecraft:oak_fence":2,"minecraft:crafting_table":6,"minecraft:torch":4,"minecraft:granite":10,"minecraft:grass_block":3,"minecraft:copper_ore":1,"minecraft:oak_planks":21,"minecraft:diorite":14,"minecraft:wall_torch":5,"minecraft:furnace":1,"minecraft:fire":3,"minecraft:birch_log":15,"minecraft:iron_ore":14,"minecraft:birch_leaves":12,"minecraft:andesite":2,"minecraft:grass":1,"minecraft:coal_ore":26,"minecraft:deepslate_iron_ore":2,"minecraft:gravel":12,"minecraft:dirt":23,"minecraft:stone":224,"minecraft:deepslate":76}},"DataVersion":3465}