{"stats":{"minecraft:broken":{"minecraft:stone_pickaxe":1},"minecraft:dropped":{"minecraft:wooden_pickaxe":1,"minecraft:birch_log":1},"minecraft:crafted":{"minecraft:cooked_beef":3,"minecraft:stone_shovel":1,"minecraft:shield":1,"minecraft:crafting_table":2,"minecraft:iron_pickaxe":1,"minecraft:iron_ingot":4,"minecraft:stick":24,"minecraft:cooked_chicken":1,"minecraft:wooden_pickaxe":1,"minecraft:stone_pickaxe":3,"minecraft:furnace":1,"minecraft:torch":12,"minecraft:birch_planks":56,"minecraft:stone_axe":1,"minecraft:air":0},"minecraft:picked_up":{"minecraft:birch_log":16,"minecraft:raw_iron":4,"minecraft:stick":1,"minecraft:crafting_table":3,"minecraft:feather":2,"minecraft:chicken":1,"minecraft:leather":1,"minecraft:torch":5,"minecraft:gravel":11,"minecraft:diorite":14,"minecraft:spider_eye":1,"minecraft:string":1,"minecraft:dirt":42,"minecraft:raw_copper":3,"minecraft:arrow":2,"minecraft:bone":2,"minecraft:granite":4,"minecraft:beef":3,"minecraft:birch_sapling":1,"minecraft:coal":29,"minecraft:furnace":1,"minecraft:cobblestone":191,"minecraft:egg":1},"minecraft:killed_by":{"minecraft:player":1},"minecraft:killed":{"minecraft:zombie":1,"minecraft:chicken":1,"minecraft:spider":2,"minecraft:cow":2},"minecraft:custom":{"minecraft:time_since_rest":15997,"minecraft:interact_with_furnace":8,"minecraft:sprint_one_cm":36019,"minecraft:damage_taken":666,"minecraft:walk_one_cm":55960,"minecraft:mob_kills":7,"minecraft:drop":2,"minecraft:damage_dealt":958,"minecraft:interact_with_crafting_table":7,"minecraft:swim_one_cm":2972,"minecraft:fly_one_cm":34041,"minecraft:crouch_one_cm":6568,"minecraft:play_time":23512,"minecraft:deaths":2,"minecraft:sneak_time":2884,"minecraft:walk_under_water_one_cm":1036,"minecraft:jump":356,"minecraft:time_since_death":15970,"minecraft:walk_on_water_one_cm":1154,"minecraft:total_world_time":23512,"minecraft:fall_one_cm":7529},"minecraft:used":{"minecraft:stone_shovel":6,"minecraft:stone_pickaxe":243,"minecraft:iron_pickaxe":1,"minecraft:wooden_pickaxe":10,"minecraft:torch":9,"minecraft:stone_axe":16,"minecraft:dirt":42,"minecraft:cobblestone":3,"minecraft:crafting_table":3,"minecraft:furnace":1,"minecraft:egg":1,"minecraft:cooked_beef":2},"minecraft:mined":{"minecraft:furnace":1,"minecraft:iron_ore":4,"minecraft:birch_log":15,"minecraft:birch_leaves":12,"minecraft:torch":3,"minecraft:crafting_table":3,"minecraft:granite":4,"minecraft:grass":1,"minecraft:coal_ore":26,"minecraft:grass_block":3,"minecraft:gravel":7,"minecraft:dirt":23,"minecraft:copper_ore":1,"minecraft:stone":191,"minecraft:wall_torch":2,"minecraft:diorite":14}},"DataVersion":3465}