{"stats":{"minecraft:broken":{"minecraft:stone_pickaxe":1},"minecraft:dropped":{"minecraft:water_bucket":1,"minecraft:furnace":1,"minecraft:iron_sword":1,"minecraft:birch_planks":32,"minecraft:porkchop":3,"minecraft:crafting_table":1,"minecraft:cobblestone":64,"minecraft:rail":2,"minecraft:coal":7,"minecraft:torch":16,"minecraft:mutton":7,"minecraft:iron_axe":1,"minecraft:stone_pickaxe":1,"minecraft:wooden_pickaxe":1,"minecraft:iron_pickaxe":1,"minecraft:birch_log":1},"minecraft:crafted":{"minecraft:cooked_beef":3,"minecraft:stone_shovel":1,"minecraft:crafting_table":2,"minecraft:birch_boat":1,"minecraft:wooden_pickaxe":1,"minecraft:cooked_chicken":1,"minecraft:furnace":1,"minecraft:birch_planks":60,"minecraft:stone_axe":1,"minecraft:air":0,"minecraft:shield":1,"minecraft:stick":28,"minecraft:iron_ingot":4,"minecraft:iron_pickaxe":1,"minecraft:stone_pickaxe":3,"minecraft:torch":28},"minecraft:picked_up":{"minecraft:birch_log":17,"minecraft:crafting_table":8,"minecraft:feather":4,"minecraft:cooked_beef":1,"minecraft:chicken":1,"minecraft:water_bucket":1,"minecraft:andesite":4,"minecraft:leather":2,"minecraft:birch_planks":35,"minecraft:shield":1,"minecraft:dirt":66,"minecraft:string":3,"minecraft:raw_copper":6,"minecraft:iron_axe":1,"minecraft:bone":8,"minecraft:cobbled_deepslate":150,"minecraft:stone_pickaxe":1,"minecraft:beef":3,"minecraft:cooked_chicken":1,"minecraft:wooden_shovel":2,"minecraft:iron_pickaxe":2,"minecraft:oak_planks":21,"minecraft:birch_sapling":2,"minecraft:iron_sword":1,"minecraft:egg":1,"minecraft:furnace":3,"minecraft:stick":1,"minecraft:raw_iron":25,"minecraft:birch_boat":1,"minecraft:oak_fence":5,"minecraft:torch":35,"minecraft:gravel":32,"minecraft:porkchop":3,"minecraft:diorite":28,"minecraft:spider_eye":3,"minecraft:arrow":10,"minecraft:rotten_flesh":2,"minecraft:stone_shovel":1,"minecraft:diamond":10,"minecraft:stone_axe":1,"minecraft:granite":20,"minecraft:mutton":7,"minecraft:coal":64,"minecraft:rail":2,"minecraft:cobblestone":372},"minecraft:killed_by":{"minecraft:player":1},"minecraft:killed":{"minecraft:spider":4,"minecraft:skeleton":4,"minecraft:zombie":3,"minecraft:chicken":1,"minecraft:cow":2},"minecraft:custom":{"minecraft:interact_with_furnace":8,"minecraft:mob_kills":15,"minecraft:interact_with_crafting_table":8,"minecraft:time_since_death":12846,"minecraft:time_since_rest":12889,"minecraft:sprint_one_cm":93309,"minecraft:damage_taken":1422,"minecraft:walk_one_cm":133611,"minecraft:damage_blocked_by_shield":727,"minecraft:drop":22,"minecraft:damage_dealt":2360,"minecraft:player_kills":1,"minecraft:swim_one_cm":2972,"minecraft:fly_one_cm":62998,"minecraft:crouch_one_cm":9371,"minecraft:play_time":47512,"minecraft:deaths":3,"minecraft:sneak_time":3761,"minecraft:walk_under_water_one_cm":1367,"minecraft:jump":688,"minecraft:walk_on_water_one_cm":5092,"minecraft:total_world_time":47512,"minecraft:fall_one_cm":14815},"minecraft:used":{"minecraft:stone_shovel":8,"minecraft:stone_pickaxe":243,"minecraft:birch_boat":1,"minecraft:shield":33,"minecraft:wooden_pickaxe":10,"minecraft:cooked_chicken":1,"minecraft:torch":37,"minecraft:dirt":42,"minecraft:crafting_table":6,"minecraft:bread":2,"minecraft:iron_pickaxe":144,"minecraft:stone_axe":60,"minecraft:cobblestone":11,"minecraft:furnace":1,"minecraft:egg":1,"minecraft:cooked_beef":3,"minecraft:cobbled_deepslate":38},"minecraft:mined":{"minecraft:deepslate_diamond_ore":10,"minecraft:oak_fence":2,"minecraft:crafting_table":6,"minecraft:torch":4,"minecraft:granite":10,"minecraft:grass_block":3,"minecraft:copper_ore":1,"minecraft:oak_planks":21,"minecraft:diorite":14,"minecraft:wall_torch":5,"minecraft:furnace":1,"minecraft:fire":2,"minecraft:birch_log":15,"minecraft:iron_ore":14,"minecraft:birch_leaves":12,"minecraft:andesite":2,"minecraft:grass":1,"minecraft:coal_ore":26,"minecraft:deepslate_iron_ore":1,"minecraft:gravel":12,"minecraft:dirt":23,"minecraft:stone":224,"minecraft:deepslate":76}},"DataVersion":3465}