{"stats":{"minecraft:broken":{"minecraft:stone_pickaxe":1},"minecraft:dropped":{"minecraft:water_bucket":1,"minecraft:furnace":1,"minecraft:iron_sword":1,"minecraft:birch_planks":32,"minecraft:porkchop":3,"minecraft:crafting_table":1,"minecraft:cobblestone":192,"minecraft:oak_planks":4,"minecraft:rail":2,"minecraft:coal":18,"minecraft:torch":16,"minecraft:mutton":7,"minecraft:iron_axe":1,"minecraft:stone_pickaxe":1,"minecraft:wooden_pickaxe":1,"minecraft:iron_pickaxe":1,"minecraft:birch_log":4},"minecraft:crafted":{"minecraft:cooked_beef":3,"minecraft:stone_shovel":1,"minecraft:crafting_table":2,"minecraft:birch_boat":1,"minecraft:wooden_pickaxe":1,"minecraft:cooked_chicken":1,"minecraft:furnace":1,"minecraft:birch_planks":60,"minecraft:stone_axe":1,"minecraft:air":0,"minecraft:shield":1,"minecraft:iron_axe":1,"minecraft:stick":32,"minecraft:iron_ingot":4,"minecraft:iron_pickaxe":1,"minecraft:stone_pickaxe":3,"minecraft:torch":28},"minecraft:picked_up":{"minecraft:birch_log":20,"minecraft:crafting_table":8,"minecraft:feather":4,"minecraft:cooked_beef":1,"minecraft:chicken":1,"minecraft:jungle_log":9,"minecraft:water_bucket":1,"minecraft:andesite":4,"minecraft:leather":2,"minecraft:birch_planks":35,"minecraft:shield":1,"minecraft:dirt":66,"minecraft:string":3,"minecraft:raw_copper":6,"minecraft:iron_axe":1,"minecraft:bone":10,"minecraft:cobbled_deepslate":158,"minecraft:iron_ingot":3,"minecraft:stone_pickaxe":1,"minecraft:beef":3,"minecraft:cooked_chicken":1,"minecraft:wooden_shovel":2,"minecraft:iron_pickaxe":2,"minecraft:oak_planks":21,"minecraft:birch_sapling":2,"minecraft:iron_sword":1,"minecraft:egg":1,"minecraft:furnace":3,"minecraft:stick":1,"minecraft:raw_iron":26,"minecraft:birch_boat":1,"minecraft:oak_fence":5,"minecraft:torch":35,"minecraft:gravel":32,"minecraft:porkchop":3,"minecraft:diorite":28,"minecraft:spider_eye":3,"minecraft:arrow":12,"minecraft:rotten_flesh":2,"minecraft:stone_shovel":1,"minecraft:diamond":10,"minecraft:stone_axe":1,"minecraft:granite":20,"minecraft:mutton":7,"minecraft:coal":64,"minecraft:rail":2,"minecraft:cobblestone":372},"minecraft:killed_by":{"minecraft:player":1},"minecraft:killed":{"minecraft:spider":4,"minecraft:skeleton":6,"minecraft:zombie":4,"minecraft:chicken":1,"minecraft:cow":2},"minecraft:custom":{"minecraft:interact_with_furnace":9,"minecraft:mob_kills":18,"minecraft:interact_with_crafting_table":10,"minecraft:time_since_death":307,"minecraft:climb_one_cm":100,"minecraft:time_since_rest":328,"minecraft:sprint_one_cm":121803,"minecraft:damage_taken":2222,"minecraft:walk_one_cm":173481,"minecraft:damage_blocked_by_shield":1097,"minecraft:drop":42,"minecraft:damage_dealt":3099,"minecraft:player_kills":1,"minecraft:swim_one_cm":2972,"minecraft:fly_one_cm":274303,"minecraft:crouch_one_cm":10985,"minecraft:play_time":71499,"minecraft:deaths":6,"minecraft:sneak_time":4995,"minecraft:walk_under_water_one_cm":5613,"minecraft:jump":1052,"minecraft:walk_on_water_one_cm":11970,"minecraft:total_world_time":71499,"minecraft:fall_one_cm":28219},"minecraft:used":{"minecraft:diorite":11,"minecraft:stone_shovel":11,"minecraft:stone_pickaxe":243,"minecraft:birch_boat":1,"minecraft:shield":43,"minecraft:wooden_pickaxe":10,"minecraft:cooked_chicken":1,"minecraft:torch":38,"minecraft:dirt":42,"minecraft:crafting_table":7,"minecraft:iron_axe":21,"minecraft:bread":3,"minecraft:iron_pickaxe":146,"minecraft:stone_axe":67,"minecraft:cobblestone":11,"minecraft:furnace":1,"minecraft:egg":1,"minecraft:cooked_beef":3,"minecraft:cobbled_deepslate":38},"minecraft:mined":{"minecraft:deepslate_diamond_ore":10,"minecraft:jungle_leaves":3,"minecraft:oak_fence":2,"minecraft:crafting_table":6,"minecraft:torch":4,"minecraft:granite":10,"minecraft:grass_block":3,"minecraft:jungle_log":9,"minecraft:copper_ore":1,"minecraft:oak_planks":21,"minecraft:diorite":14,"minecraft:wall_torch":5,"minecraft:furnace":1,"minecraft:fire":3,"minecraft:birch_log":19,"minecraft:iron_ore":14,"minecraft:birch_leaves":14,"minecraft:andesite":2,"minecraft:grass":1,"minecraft:vine":3,"minecraft:coal_ore":26,"minecraft:deepslate_iron_ore":2,"minecraft:gravel":12,"minecraft:dirt":23,"minecraft:stone":224,"minecraft:deepslate":77}},"DataVersion":3465}