{"stats":{"minecraft:killed_by":{"man:managgresive":1,"minecraft:zombie":1},"minecraft:used":{"waystones:waystone":3,"securitycraft:camera_monitor":2,"quark:seed_pouch":1,"spartanweaponry:netherite_throwing_knife":33,"minecraft:grass_block":5,"minecraft:baked_potato":3,"horror_element_mod:hazzmat_head":1,"spartanshields:dark_steel_riot_tower_shield":6,"securitycraft:security_camera":2,"minecraft:mutton":1,"minecraft:beef":12,"minecraft:netherite_pickaxe":19,"spartanweaponry:netherite_heavy_crossbow":8},"minecraft:killed":{"minecraft:sheep":1,"minecraft:zombie":1,"hordes:zombie_player":1,"hordes:husk_player":1,"minecraft:zombie_horse":1,"minecraft:cow":7},"minecraft:picked_up":{"minecraft:flower_pot":1,"securitycraft:admin_tool":1,"minecraft:iron_trapdoor":1,"minecraft:leather":6,"minecraft:fern":1,"securitycraft:camera_monitor":1,"horror_element_mod:blood_1":1,"minecraft:grass_block":1,"minecraft:polished_deepslate":4,"spartanweaponry:netherite_heavy_crossbow":1,"alexsmobs:animal_dictionary":1,"man:cassette_1safetyinstructions":1,"slenderman:slender_book":1,"minecraft:smooth_stone_slab":1,"quark:clear_shard":6,"minecraft:rotten_flesh":4,"horror_element_mod:hazzmat_head":1,"spartanshields:dark_steel_riot_tower_shield":1,"minecraft:stone_bricks":3,"minecraft:wheat_seeds":1,"spartanweaponry:netherite_bolt":64,"minecraft:iron_ingot":3,"securitycraft:security_camera":1,"minecraft:beef":13,"minecraft:player_head":1,"securitycraft:codebreaker":1,"minecraft:mutton":1,"minecraft:white_wool":1},"minecraft:custom":{"minecraft:time_since_rest":10727,"minecraft:interact_with_smithing_table":1,"minecraft:waystone_activated":3,"minecraft:sprint_one_cm":30709,"minecraft:damage_taken":800,"minecraft:walk_one_cm":41346,"minecraft:damage_blocked_by_shield":365,"minecraft:mob_kills":12,"minecraft:drop":2,"minecraft:inspect_hopper":1,"minecraft:damage_dealt":330,"minecraft:fly_one_cm":48486,"minecraft:open_chest":3,"minecraft:play_time":17477,"minecraft:deaths":2,"minecraft:sneak_time":68,"minecraft:walk_under_water_one_cm":58,"minecraft:jump":168,"minecraft:leave_game":1,"minecraft:walk_on_water_one_cm":613,"minecraft:time_since_death":10647,"minecraft:total_world_time":17477,"minecraft:fall_one_cm":2187},"minecraft:mined":{"minecraft:potted_fern":1,"horror_element_mod:dead_experiment":2,"minecraft:glass_pane":1,"horror_element_mod:beheaded_body":1,"minecraft:cyan_stained_glass":1,"horror_element_mod:scientist_body":1,"minecraft:smooth_stone_slab":1,"minecraft:sculk_shrieker":1,"minecraft:polished_deepslate":4,"minecraft:grass":5,"horror_element_mod:blood_1":1,"horror_element_mod:hospital_bed":1,"horror_element_mod:dead_cow":1,"minecraft:glass":2,"horror_element_mod:sliced_body":1,"minecraft:stone_bricks":3,"minecraft:iron_trapdoor":1,"horror_element_mod:hazzmat_head":1},"minecraft:dropped":{"minecraft:wheat_seeds":1,"minecraft:player_head":1}},"DataVersion":3465}