{"stats":{"minecraft:dropped":{"minecraft:iron_ingot":3,"minecraft:raw_iron":1,"minecraft:rail":9,"minecraft:coal":19,"minecraft:red_carpet":8,"minecraft:melon_seeds":2,"minecraft:powered_rail":1,"minecraft:string":13,"minecraft:bone":2},"minecraft:crafted":{"minecraft:oak_planks":52,"minecraft:stone_shovel":1,"minecraft:cooked_porkchop":6,"minecraft:crafting_table":1,"minecraft:iron_sword":1,"minecraft:bone_meal":3,"minecraft:bucket":1,"minecraft:birch_planks":16,"minecraft:iron_boots":1,"minecraft:shield":1,"minecraft:iron_axe":1,"minecraft:stick":28,"minecraft:iron_ingot":15,"minecraft:iron_pickaxe":1,"minecraft:iron_shovel":1,"minecraft:torch":76},"minecraft:picked_up":{"minecraft:birch_log":4,"minecraft:crafting_table":1,"minecraft:chest_minecart":1,"minecraft:birch_planks":7,"minecraft:tuff":5,"minecraft:oak_log":13,"minecraft:cobblestone_wall":1,"minecraft:gunpowder":10,"minecraft:lapis_lazuli":46,"minecraft:string":14,"minecraft:dirt":4,"minecraft:iron_axe":1,"minecraft:smooth_stone_slab":1,"minecraft:white_carpet":5,"minecraft:red_carpet":8,"minecraft:bone":7,"minecraft:cobbled_deepslate":10,"minecraft:raw_gold":1,"minecraft:iron_ingot":6,"minecraft:light_gray_wool":3,"minecraft:powered_rail":1,"minecraft:melon_slice":76,"minecraft:oak_planks":5,"minecraft:book":9,"minecraft:raw_iron":12,"minecraft:oak_fence":3,"minecraft:torch":2,"minecraft:porkchop":3,"minecraft:redstone":14,"minecraft:dark_oak_planks":6,"minecraft:polished_andesite":2,"minecraft:arrow":6,"minecraft:rotten_flesh":6,"minecraft:diamond":1,"minecraft:carved_pumpkin":1,"minecraft:emerald":1,"minecraft:totem_of_undying":3,"minecraft:mutton":2,"minecraft:coal":42,"minecraft:white_wool":2,"minecraft:cobblestone":68},"minecraft:killed_by":{"minecraft:vindicator":14,"minecraft:player":1,"minecraft:vex":1},"minecraft:killed":{"minecraft:evoker":2,"minecraft:vex":1,"minecraft:pig":3,"minecraft:vindicator":3,"minecraft:spider":2,"minecraft:creeper":2,"minecraft:sheep":2,"minecraft:skeleton":6,"minecraft:zombie":6},"minecraft:custom":{"minecraft:interact_with_furnace":18,"minecraft:mob_kills":29,"minecraft:interact_with_crafting_table":14,"minecraft:time_since_death":1195,"minecraft:climb_one_cm":2177,"minecraft:time_since_rest":1220,"minecraft:sprint_one_cm":279992,"minecraft:walk_one_cm":207761,"minecraft:damage_taken":6953,"minecraft:damage_absorbed":40,"minecraft:damage_blocked_by_shield":390,"minecraft:drop":29,"minecraft:damage_dealt":5915,"minecraft:swim_one_cm":7376,"minecraft:player_kills":1,"minecraft:fly_one_cm":238787,"minecraft:open_chest":10,"minecraft:crouch_one_cm":473,"minecraft:play_time":59957,"minecraft:deaths":21,"minecraft:sneak_time":275,"minecraft:walk_under_water_one_cm":10847,"minecraft:jump":1353,"minecraft:walk_on_water_one_cm":9957,"minecraft:total_world_time":59957,"minecraft:fall_one_cm":46340},"minecraft:used":{"minecraft:oak_fence":3,"minecraft:water_bucket":7,"minecraft:iron_shovel":1,"minecraft:birch_planks":7,"minecraft:oak_planks":37,"minecraft:shield":11,"minecraft:iron_sword":150,"minecraft:rotten_flesh":4,"minecraft:white_wool":2,"minecraft:torch":2,"minecraft:golden_apple":1,"minecraft:dirt":4,"minecraft:mutton":2,"minecraft:white_carpet":4,"minecraft:crafting_table":2,"minecraft:cobblestone_wall":1,"minecraft:tuff":5,"minecraft:dark_oak_planks":6,"minecraft:melon_slice":16,"minecraft:bread":2,"minecraft:iron_axe":36,"minecraft:iron_pickaxe":67,"minecraft:iron_boots":1,"minecraft:totem_of_undying":1,"minecraft:light_gray_wool":3,"minecraft:cobblestone":4,"minecraft:cooked_porkchop":6,"minecraft:porkchop":3,"minecraft:bucket":8,"minecraft:cobbled_deepslate":10},"minecraft:mined":{"minecraft:dark_oak_planks":5,"minecraft:deepslate_redstone_ore":2,"minecraft:red_carpet":2,"minecraft:glass_pane":3,"minecraft:carved_pumpkin":1,"minecraft:crafting_table":1,"minecraft:torch":1,"minecraft:melon":16,"minecraft:grass_block":3,"minecraft:lapis_ore":2,"minecraft:deepslate_gold_ore":1,"minecraft:oak_planks":1,"minecraft:spawner":2,"minecraft:cobblestone_wall":1,"minecraft:birch_log":4,"minecraft:fire":1,"minecraft:cobbled_deepslate":4,"minecraft:light_gray_wool":3,"minecraft:deepslate_lapis_ore":6,"minecraft:smooth_stone_slab":1,"minecraft:grass":1,"minecraft:bookshelf":3,"minecraft:oak_log":13,"minecraft:coal_ore":25,"minecraft:deepslate_iron_ore":11,"minecraft:dirt":1,"minecraft:cobweb":13,"minecraft:polished_andesite":2,"minecraft:stone":3,"minecraft:deepslate":6}},"DataVersion":3465}