{"stats":{"minecraft:dropped":{"minecraft:iron_ingot":3},"minecraft:crafted":{"minecraft:stone_shovel":1,"minecraft:stick":8,"minecraft:iron_ingot":11,"minecraft:iron_pickaxe":1,"minecraft:iron_sword":1,"minecraft:bucket":1,"minecraft:torch":12},"minecraft:picked_up":{"minecraft:raw_iron":8,"minecraft:chest_minecart":1,"minecraft:gunpowder":3,"minecraft:redstone":14,"minecraft:string":1,"minecraft:lapis_lazuli":33,"minecraft:cobbled_deepslate":2,"minecraft:raw_gold":1,"minecraft:powered_rail":1,"minecraft:coal":7,"minecraft:oak_planks":4,"minecraft:cobblestone":64},"minecraft:killed":{"minecraft:zombie":1,"minecraft:creeper":2},"minecraft:custom":{"minecraft:time_since_rest":11957,"minecraft:interact_with_furnace":3,"minecraft:sprint_one_cm":46641,"minecraft:damage_taken":120,"minecraft:walk_one_cm":55355,"minecraft:mob_kills":3,"minecraft:drop":3,"minecraft:damage_dealt":745,"minecraft:interact_with_crafting_table":3,"minecraft:fly_one_cm":17726,"minecraft:crouch_one_cm":234,"minecraft:play_time":11957,"minecraft:sneak_time":119,"minecraft:walk_under_water_one_cm":4452,"minecraft:jump":238,"minecraft:time_since_death":11957,"minecraft:walk_on_water_one_cm":3946,"minecraft:total_world_time":11957,"minecraft:fall_one_cm":6564},"minecraft:used":{"minecraft:water_bucket":1,"minecraft:bread":2,"minecraft:iron_pickaxe":20,"minecraft:iron_sword":16,"minecraft:bucket":2,"minecraft:cobbled_deepslate":2},"minecraft:mined":{"minecraft:deepslate_redstone_ore":2,"minecraft:deepslate_lapis_ore":6,"minecraft:deepslate_iron_ore":8,"minecraft:cobweb":1,"minecraft:deepslate_gold_ore":1,"minecraft:deepslate":2,"minecraft:spawner":1}},"DataVersion":3465}