{"stats":{"minecraft:dropped":{"minecraft:iron_ingot":3,"minecraft:raw_iron":1,"minecraft:coal":19},"minecraft:crafted":{"minecraft:oak_planks":52,"minecraft:stone_shovel":1,"minecraft:cooked_porkchop":4,"minecraft:crafting_table":1,"minecraft:iron_sword":1,"minecraft:bucket":1,"minecraft:birch_planks":16,"minecraft:iron_boots":1,"minecraft:shield":1,"minecraft:iron_axe":1,"minecraft:stick":28,"minecraft:iron_ingot":15,"minecraft:iron_pickaxe":1,"minecraft:iron_shovel":1,"minecraft:torch":76},"minecraft:picked_up":{"minecraft:birch_log":4,"minecraft:crafting_table":1,"minecraft:chest_minecart":1,"minecraft:tuff":5,"minecraft:oak_log":13,"minecraft:gunpowder":8,"minecraft:lapis_lazuli":33,"minecraft:string":13,"minecraft:dirt":4,"minecraft:red_carpet":1,"minecraft:cobbled_deepslate":10,"minecraft:raw_gold":1,"minecraft:iron_ingot":6,"minecraft:powered_rail":1,"minecraft:oak_planks":5,"minecraft:raw_iron":12,"minecraft:torch":2,"minecraft:porkchop":3,"minecraft:redstone":14,"minecraft:rotten_flesh":4,"minecraft:diamond":1,"minecraft:mutton":2,"minecraft:coal":42,"minecraft:white_wool":2,"minecraft:cobblestone":67},"minecraft:killed_by":{"minecraft:vindicator":2},"minecraft:killed":{"minecraft:pig":3,"minecraft:spider":1,"minecraft:creeper":2,"minecraft:sheep":2,"minecraft:skeleton":1,"minecraft:zombie":3},"minecraft:custom":{"minecraft:interact_with_furnace":16,"minecraft:mob_kills":13,"minecraft:interact_with_crafting_table":14,"minecraft:time_since_death":314,"minecraft:climb_one_cm":1341,"minecraft:time_since_rest":342,"minecraft:sprint_one_cm":153053,"minecraft:walk_one_cm":140937,"minecraft:damage_taken":1761,"minecraft:damage_absorbed":40,"minecraft:damage_blocked_by_shield":30,"minecraft:drop":23,"minecraft:damage_dealt":2386,"minecraft:swim_one_cm":6265,"minecraft:fly_one_cm":93103,"minecraft:crouch_one_cm":390,"minecraft:play_time":35957,"minecraft:deaths":4,"minecraft:sneak_time":165,"minecraft:walk_under_water_one_cm":7881,"minecraft:jump":757,"minecraft:walk_on_water_one_cm":6890,"minecraft:total_world_time":35957,"minecraft:fall_one_cm":28794},"minecraft:used":{"minecraft:water_bucket":6,"minecraft:oak_planks":1,"minecraft:shield":1,"minecraft:iron_sword":66,"minecraft:rotten_flesh":4,"minecraft:white_wool":2,"minecraft:torch":1,"minecraft:golden_apple":1,"minecraft:dirt":4,"minecraft:mutton":1,"minecraft:crafting_table":2,"minecraft:tuff":5,"minecraft:bread":2,"minecraft:iron_axe":11,"minecraft:iron_pickaxe":60,"minecraft:iron_boots":1,"minecraft:cooked_porkchop":2,"minecraft:porkchop":3,"minecraft:bucket":7,"minecraft:cobbled_deepslate":10},"minecraft:mined":{"minecraft:deepslate_redstone_ore":2,"minecraft:crafting_table":1,"minecraft:torch":1,"minecraft:grass_block":3,"minecraft:deepslate_gold_ore":1,"minecraft:oak_planks":1,"minecraft:spawner":2,"minecraft:birch_log":4,"minecraft:cobbled_deepslate":4,"minecraft:deepslate_lapis_ore":6,"minecraft:grass":1,"minecraft:oak_log":13,"minecraft:coal_ore":25,"minecraft:deepslate_iron_ore":11,"minecraft:dirt":1,"minecraft:cobweb":13,"minecraft:stone":3,"minecraft:deepslate":6}},"DataVersion":3465}