{"stats":{"minecraft:dropped":{"minecraft:iron_ingot":3,"minecraft:raw_iron":1},"minecraft:crafted":{"minecraft:stone_shovel":1,"minecraft:crafting_table":1,"minecraft:stick":8,"minecraft:iron_ingot":11,"minecraft:iron_pickaxe":1,"minecraft:iron_sword":1,"minecraft:bucket":1,"minecraft:torch":12,"minecraft:birch_planks":16},"minecraft:picked_up":{"minecraft:birch_log":4,"minecraft:raw_iron":12,"minecraft:chest_minecart":1,"minecraft:torch":1,"minecraft:tuff":5,"minecraft:gunpowder":6,"minecraft:dirt":4,"minecraft:redstone":14,"minecraft:string":13,"minecraft:lapis_lazuli":33,"minecraft:rotten_flesh":4,"minecraft:cobbled_deepslate":10,"minecraft:raw_gold":1,"minecraft:powered_rail":1,"minecraft:coal":7,"minecraft:oak_planks":5,"minecraft:cobblestone":64},"minecraft:killed_by":{"minecraft:vindicator":1},"minecraft:killed":{"minecraft:skeleton":1,"minecraft:zombie":3,"minecraft:spider":1,"minecraft:creeper":2},"minecraft:custom":{"minecraft:time_since_rest":1496,"minecraft:damage_absorbed":40,"minecraft:interact_with_furnace":3,"minecraft:sprint_one_cm":99622,"minecraft:damage_taken":1405,"minecraft:walk_one_cm":113782,"minecraft:mob_kills":8,"minecraft:drop":4,"minecraft:damage_dealt":1626,"minecraft:interact_with_crafting_table":3,"minecraft:fly_one_cm":67127,"minecraft:crouch_one_cm":234,"minecraft:play_time":23957,"minecraft:deaths":3,"minecraft:sneak_time":119,"minecraft:walk_under_water_one_cm":7468,"minecraft:jump":539,"minecraft:time_since_death":1470,"minecraft:walk_on_water_one_cm":6127,"minecraft:total_world_time":23957,"minecraft:fall_one_cm":22220},"minecraft:used":{"minecraft:water_bucket":6,"minecraft:bread":2,"minecraft:oak_planks":1,"minecraft:iron_pickaxe":32,"minecraft:iron_sword":48,"minecraft:rotten_flesh":2,"minecraft:torch":1,"minecraft:golden_apple":1,"minecraft:dirt":4,"minecraft:bucket":7,"minecraft:tuff":5,"minecraft:cobbled_deepslate":10},"minecraft:mined":{"minecraft:deepslate_redstone_ore":2,"minecraft:birch_log":4,"minecraft:cobbled_deepslate":4,"minecraft:deepslate_lapis_ore":6,"minecraft:torch":1,"minecraft:grass_block":3,"minecraft:deepslate_iron_ore":11,"minecraft:dirt":1,"minecraft:cobweb":13,"minecraft:deepslate_gold_ore":1,"minecraft:oak_planks":1,"minecraft:deepslate":6,"minecraft:spawner":2}},"DataVersion":3465}