{
  "comforts:sleeping_bag_light_blue": {
    "criteria": {
      "has_the_recipe": "2024-10-05 18:19:20 +0000"
    },
    "done": true
  },
  "spartanweaponry:throwing_knife": {
    "criteria": {
      "has_throwing_knife": "2024-10-05 18:23:38 +0000"
    },
    "done": true
  },
  "comforts:sleeping_bag_black": {
    "criteria": {
      "has_the_recipe": "2024-10-05 18:19:20 +0000"
    },
    "done": true
  },
  "comforts:hammock_purple": {
    "criteria": {
      "has_the_recipe": "2024-10-05 18:19:20 +0000"
    },
    "done": true
  },
  "endofherobrine:story/root": {
    "criteria": {
      "requirement": "2024-10-05 18:21:47 +0000"
    },
    "done": true
  },
  "comforts:hammock_lime": {
    "criteria": {
      "has_the_recipe": "2024-10-05 18:19:20 +0000"
    },
    "done": true
  },
  "comforts:sleeping_bag_pink": {
    "criteria": {
      "has_the_recipe": "2024-10-05 18:19:20 +0000"
    },
    "done": true
  },
  "comforts:hammock_magenta": {
    "criteria": {
      "has_the_recipe": "2024-10-05 18:19:20 +0000"
    },
    "done": true
  },
  "comforts:sleeping_bag_red": {
    "criteria": {
      "has_the_recipe": "2024-10-05 18:19:20 +0000"
    },
    "done": true
  },
  "comforts:sleeping_bag_orange": {
    "criteria": {
      "has_the_recipe": "2024-10-05 18:19:20 +0000"
    },
    "done": true
  },
  "minecraft:adventure/root": {
    "criteria": {
      "killed_by_something": "2024-10-05 18:22:55 +0000"
    },
    "done": true
  },
  "comforts:hammock_red": {
    "criteria": {
      "has_the_recipe": "2024-10-05 18:19:20 +0000"
    },
    "done": true
  },
  "minecraft:adventure/kill_all_mobs": {
    "criteria": {
      "minecraft:zombie": "2024-10-05 18:23:58 +0000"
    },
    "done": false
  },
  "comforts:hammock_blue": {
    "criteria": {
      "has_the_recipe": "2024-10-05 18:19:20 +0000"
    },
    "done": true
  },
  "travelersbackpack:standard_from_custom": {
    "criteria": {
      "has_the_recipe": "2024-10-05 18:19:20 +0000"
    },
    "done": true
  },
  "comforts:hammock_white": {
    "criteria": {
      "has_the_recipe": "2024-10-05 18:19:20 +0000"
    },
    "done": true
  },
  "comforts:hammock_light_gray": {
    "criteria": {
      "has_the_recipe": "2024-10-05 18:19:20 +0000"
    },
    "done": true
  },
  "comforts:sleeping_bag_white": {
    "criteria": {
      "has_the_recipe": "2024-10-05 18:19:20 +0000"
    },
    "done": true
  },
  "comforts:sleeping_bag_brown": {
    "criteria": {
      "has_the_recipe": "2024-10-05 18:19:20 +0000"
    },
    "done": true
  },
  "comforts:sleeping_bag_gray": {
    "criteria": {
      "has_the_recipe": "2024-10-05 18:19:20 +0000"
    },
    "done": true
  },
  "comforts:rope_and_nail": {
    "criteria": {
      "has_the_recipe": "2024-10-05 18:19:20 +0000"
    },
    "done": true
  },
  "betterdungeons:root": {
    "criteria": {
      "always": "2024-10-05 18:19:21 +0000"
    },
    "done": true
  },
  "minecraft:adventure/kill_a_mob": {
    "criteria": {
      "minecraft:zombie": "2024-10-05 18:23:58 +0000"
    },
    "done": true
  },
  "minecraft:adventure/adventuring_time": {
    "criteria": {
      "minecraft:savanna": "2024-10-05 18:19:23 +0000",
      "minecraft:plains": "2024-10-05 18:20:11 +0000"
    },
    "done": false
  },
  "comforts:sleeping_bag_cyan": {
    "criteria": {
      "has_the_recipe": "2024-10-05 18:19:20 +0000"
    },
    "done": true
  },
  "vanilla_refresh:biome/plains": {
    "criteria": {
      "requirement": "2024-10-05 18:20:10 +0000"
    },
    "done": true
  },
  "spartanweaponry:heavy_crossbow": {
    "criteria": {
      "has_heavy_crossbow": "2024-10-05 18:23:37 +0000"
    },
    "done": true
  },
  "comforts:hammock_pink": {
    "criteria": {
      "has_the_recipe": "2024-10-05 18:19:20 +0000"
    },
    "done": true
  },
  "comforts:hammock_brown": {
    "criteria": {
      "has_the_recipe": "2024-10-05 18:19:20 +0000"
    },
    "done": true
  },
  "comforts:sleeping_bag_light_gray": {
    "criteria": {
      "has_the_recipe": "2024-10-05 18:19:20 +0000"
    },
    "done": true
  },
  "comforts:hammock_black": {
    "criteria": {
      "has_the_recipe": "2024-10-05 18:19:20 +0000"
    },
    "done": true
  },
  "comforts:sleeping_bag_lime": {
    "criteria": {
      "has_the_recipe": "2024-10-05 18:19:20 +0000"
    },
    "done": true
  },
  "comforts:hammock_yellow": {
    "criteria": {
      "has_the_recipe": "2024-10-05 18:19:20 +0000"
    },
    "done": true
  },
  "minecraft:husbandry/balanced_diet": {
    "criteria": {
      "baked_potato": "2024-10-05 18:32:10 +0000",
      "beef": "2024-10-05 18:27:27 +0000",
      "mutton": "2024-10-05 18:26:35 +0000"
    },
    "done": false
  },
  "spartanweaponry:upgrade_netherite_weapon": {
    "criteria": {
      "has_netherite_weapon": "2024-10-05 18:23:37 +0000"
    },
    "done": true
  },
  "comforts:sleeping_bag_blue": {
    "criteria": {
      "has_the_recipe": "2024-10-05 18:19:20 +0000"
    },
    "done": true
  },
  "vanilla_refresh:player/end_teleport": {
    "criteria": {
      "s3": "2024-10-05 18:19:21 +0000"
    },
    "done": false
  },
  "minecraft:husbandry/root": {
    "criteria": {
      "consumed_item": "2024-10-05 18:26:35 +0000"
    },
    "done": true
  },
  "slenderman:slenderman_join_world": {
    "criteria": {
      "slenderman_join_world": "2024-10-05 18:19:20 +0000"
    },
    "done": true
  },
  "farmersdelight:main/root": {
    "criteria": {
      "seeds": "2024-10-05 18:19:20 +0000"
    },
    "done": true
  },
  "minecraft:story/mine_diamond": {
    "criteria": {
      "diamond": "2024-10-05 18:31:50 +0000"
    },
    "done": true
  },
  "comforts:hammock_gray": {
    "criteria": {
      "has_the_recipe": "2024-10-05 18:19:20 +0000"
    },
    "done": true
  },
  "vanilla_refresh:biome/savanna": {
    "criteria": {
      "requirement": "2024-10-05 18:19:30 +0000"
    },
    "done": true
  },
  "comforts:hammock_cyan": {
    "criteria": {
      "has_the_recipe": "2024-10-05 18:19:20 +0000"
    },
    "done": true
  },
  "comforts:sleeping_bag_purple": {
    "criteria": {
      "has_the_recipe": "2024-10-05 18:19:20 +0000"
    },
    "done": true
  },
  "comforts:sleeping_bag_yellow": {
    "criteria": {
      "has_the_recipe": "2024-10-05 18:19:20 +0000"
    },
    "done": true
  },
  "comforts:sleeping_bag_green": {
    "criteria": {
      "has_the_recipe": "2024-10-05 18:19:20 +0000"
    },
    "done": true
  },
  "comforts:hammock_light_blue": {
    "criteria": {
      "has_the_recipe": "2024-10-05 18:19:20 +0000"
    },
    "done": true
  },
  "man:feelingwatched": {
    "criteria": {
      "feelingwatched_0": "2024-10-05 18:23:31 +0000"
    },
    "done": true
  },
  "vanilla_refresh:player/tick": {
    "criteria": {
      "s": "2024-10-05 18:19:21 +0000"
    },
    "done": true
  },
  "comforts:hammock_orange": {
    "criteria": {
      "has_the_recipe": "2024-10-05 18:19:20 +0000"
    },
    "done": true
  },
  "comforts:sleeping_bag_magenta": {
    "criteria": {
      "has_the_recipe": "2024-10-05 18:19:20 +0000"
    },
    "done": true
  },
  "comforts:hammock_green": {
    "criteria": {
      "has_the_recipe": "2024-10-05 18:19:20 +0000"
    },
    "done": true
  },
  "minecraft:story/smelt_iron": {
    "criteria": {
      "iron": "2024-10-05 18:33:16 +0000"
    },
    "done": true
  },
  "repurposed_structures:root": {
    "criteria": {
      "always": "2024-10-05 18:19:21 +0000"
    },
    "done": true
  },
  "DataVersion": 3465
}